{"cameraMode":{"drawMode":0,"name":"Shaded","section":"Shading Mode"},"sceneLighting":true,"audioPlay":false,"sceneViewState":{"showFog":true,"showMaterialUpdate":false,"showSkybox":true,"showFlares":true,"showImageEffects":true,"showParticleSystems":true},"in2DMode":false,"pivot":{"x":0.6298828125,"y":0.93017578125,"z":1.206787109375},"rotation":{"x":0.12401102483272553,"y":-0.8182762861251831,"z":0.1924574226140976,"w":0.5272623300552368},"size":6.719417095184326,"orthographic":true}