{"cameraMode":{"drawMode":0,"name":"Shaded","section":"Shading Mode"},"sceneLighting":true,"audioPlay":false,"sceneViewState":{"showFog":true,"showMaterialUpdate":false,"showSkybox":true,"showFlares":true,"showImageEffects":true,"showParticleSystems":true},"in2DMode":false,"pivot":{"x":-0.7578482627868652,"y":-1.3935205936431885,"z":-1.1022920608520508},"rotation":{"x":0.11308124661445618,"y":-0.8856635689735413,"z":0.34249770641326907,"w":0.2924176752567291},"size":1.8926082849502564,"orthographic":true}