{"cameraMode":{"drawMode":0,"name":"Shaded","section":"Shading Mode"},"sceneLighting":true,"audioPlay":false,"sceneViewState":{"showFog":true,"showMaterialUpdate":false,"showSkybox":true,"showFlares":true,"showImageEffects":true,"showParticleSystems":true},"in2DMode":false,"pivot":{"x":1.7158203125,"y":1.45458984375,"z":1.306396484375},"rotation":{"x":0.11105432361364365,"y":-0.8720835447311401,"z":0.23292724788188935,"w":0.41579100489616396},"size":1.5235644578933716,"orthographic":true}